OBJECTID,ALLEY_TRDA,ALLEY_TR_1,XCNTS_VALU,YDNTS_VALU
1,000441,동소문로44길,202560,456264
2,000442,동소문로5길,200593,454456
3,000445,동숭4나길,201025,453418
4,000795,서울시립대로5길,204086,452931
5,000741,삼양로43길,201627,458069
6,000744,삼양로73가길,201370,458721
7,000753,삼양로99길,201455,459909
8,000754,삼일대로32가길,199006,452797
9,000757,삼청로2길,198334,453435
10,000372,독막로19길,193330,449879
11,000373,독막로22길,193785,449740
12,000379,독산로14길,191854,439213
13,000384,독산로28길,191761,439673
14,000392,독산로47길,191445,440301
15,000218,노량진로8길,194538,445878
16,000159,낙성대역10길,196739,441561
17,000162,난계로30길,202314,452644
18,000169,난곡로35길,192758,441322
19,000173,난곡로75길,192317,442894
20,000586,무학봉15가길,202649,451327
21,000658,보문로34나길,201847,454931
22,000667,봉우재로43길,207935,455008
23,000669,봉천로13길,193891,443393
24,000758,삼청로5길,198303,453708
25,000806,서초대로65길,201595,444325
26,000898,숭인로7나길,202211,457155
27,000900,시흥대로102길,191002,440632
28,000400,독산로87길,191343,441586
29,000402,독서당로51길,202306,450067
30,000409,돌곶이로23길,205028,456729
31,000413,돌곶이로39길,204119,457593
32,000178,난향2길,192757,440444
33,000180,남부순환로124길,191436,442167
34,000183,남부순환로145길,192294,442544
35,000187,남부순환로159길,192794,442747
36,000118,광나루로37길,207792,449575
37,000120,광성로4길,194487,449979
38,000122,광운로3길,205036,457734
39,000672,봉천로30길,194708,442682
40,000676,봉화산로30길,207405,455559
41,000678,봉화산로56길,208689,456182
42,000679,부일로15길,185251,443881
43,000901,시흥대로120길,191232,441075
44,000908,시흥대로146길,191122,441584
45,000945,신길로52길,192135,445764
46,000947,신길로60나길,192302,446109
47,000950,신길로9길,191853,443991
48,000417,동광로12가길,198548,443109
49,000452,동일로151길,206720,456540
50,000493,두텁바위로15길,197992,449647
51,000124,광평로19길,207610,442821
52,000125,광평로47길,208801,443186
53,000128,구로동로29길,189627,443485
54,000132,구로중앙로19길,190132,443864
55,000681,북아현로11마길,195637,451368
56,000685,북악산로17길,201797,455487
57,000688,북촌로6길,198765,453420
58,000578,목동중앙북로8라길,187996,449685
59,000692,사가정로13가길,205226,453314
60,000926,시흥대로84라길,191254,440248
61,000801,서초대로33길,199527,443491
62,000802,서초대로34길,199830,443189
63,000804,서초대로4길,198764,442716
64,000830,성덕정7길,204360,448810
65,000503,디지털로32나길,191126,442849
66,000504,디지털로37가길,190962,443419
67,000507,디지털로48가길,191328,443277
68,000513,뚝섬로27길,205814,448769
69,000514,뚝섬로30가길,205775,448415
70,000137,구일로10길,188918,444043
71,000138,구일로4길,189026,443694
72,000339,도봉로23나길,202253,457745
73,000344,도봉로35길,202350,457990
74,000190,남부순환로190길,194159,442669
75,000694,사가정로51길,207660,453670
76,000697,사근동8가길,204194,451216
77,000608,방배로6길,200017,442162
78,000644,보광로5길,200009,447200
79,000835,성북로15길,199998,454808
80,000838,성북로31길,198785,455036
81,000840,성수이로7가길,204876,449084
82,000516,마들로1가길,206067,457574
83,000517,마들로3길,205422,458642
84,000518,마른내로12길,200051,451581
85,000534,마포대로4다길,195085,448475
86,000538,망우로10길,205030,454243
87,000192,남부순환로198길,194430,442702
88,000194,남부순환로208길,194987,442481
89,000199,남부순환로256라길,197655,441394
90,000204,남부순환로337가길,202073,442748
91,000653,보문로19길,201757,453637
92,000654,보문로23길,201672,453785
93,000808,서초중앙로31길,200895,444506
94,000814,석촌호수로18길,208839,445034
95,000816,선릉로6길,205519,442629
96,000976,신반포로15길,199549,445018
97,000977,신반포로3길,198796,444777
98,000980,신원로4길,193692,442295
99,000981,신월로12길,185986,446453
100,000983,신월로16길,186120,446557
101,000984,신이문로24길,205881,455838
102,000541,망우로18다길,205366,454069
103,000545,망우로42길,207305,455016
104,000547,망우로50길,207870,455165
105,000552,면목로33길,207289,452880
106,000555,면목로48길,208046,453622
107,000087,고척로33라길,186626,445306
108,000090,곰달래로19길,186053,448044
109,000094,곰달래로60길,187894,447954
110,000095,공릉로12가길,207254,457532
111,000818,선유로40길,190623,447842
112,000819,선유로43가길,190533,448164
113,000820,선유로9나길,189981,446290
114,000823,선유서로28길,190057,447232
115,000717,삼선교로23길,201097,454463
116,000721,삼성로146길,204314,447018
117,000846,성지길,192382,449770
118,000849,세검정로6나길,196709,455696
119,000852,세무서2나길,195341,454409
120,000855,세종대로2가길,197793,450942
121,000857,소공로6길,198657,450893
122,000557,면목로58길,207945,453888
123,000559,면목로79길,207624,454562
124,000562,면목로92길,207711,455071
125,000566,명지대7길,193159,453812
126,000571,목동중앙남로10길,188297,448784
127,000101,공릉로58가길,206424,459596
128,000102,공릉로59나길,206200,459431
129,000104,공항대로41길,186379,451154
130,000146,금하로14길,191532,439126
131,000612,방화동로5길,183154,451742
132,000613,백범로16길,194900,449707
133,000616,백범로26길,195192,449592
134,000618,백범로87길,197246,448836
135,001078,연서로6길,192674,455892
136,000966,신림로48가길,194030,442233
137,000970,신림로65길,193480,442849
138,000971,신림로70길,193934,443106
139,000573,목동중앙남로13길,188042,448968
140,000574,목동중앙남로4길,188312,448614
141,000577,목동중앙북로7길,188275,449959
142,000521,마장로31길,203347,452056
143,000524,마장로37길,203418,451942
144,000148,금하로23가길,192003,439146
145,000150,금호로13길,201708,450503
146,000156,까치산로12길,186579,449397
147,000207,남부순환로40길,184682,448249
148,000622,백제고분로12길,207114,445070
149,000624,백제고분로19길,207697,445228
150,000625,백제고분로21길,207999,445099
151,000627,백제고분로31길,208451,444982
152,000954,신림동1길,193628,443041
153,000958,신림로14길,194538,441396
154,000916,시흥대로28길,191637,438003
155,000919,시흥대로47길,191253,438894
156,000527,마천로57길,213557,443989
157,000581,무학로14길,202989,452103
158,000582,무학로19길,202584,452409
159,000346,도봉로46길,202508,458355
160,000347,도봉로4길,202832,456842
161,000350,도봉로63길,201982,458805
162,000224,노해로41길,202262,461149
163,000225,노해로65길,203985,461339
164,000630,백제고분로39길,209245,445196
165,000632,백제고분로41길,209456,445415
166,000635,백제고분로46길,210008,445394
167,000637,버드나루로7길,192021,447069
168,000861,솔매로17길,201402,458506
169,000863,솔매로28길,201772,458309
170,000872,솔샘로1길,200341,456549
171,000873,솔샘로24길,200811,457096
172,000048,개봉로3길,186836,443040
173,000050,개포로109길,206844,443817
174,000052,거북골로16길,192291,453083
175,000055,거북골로2길,192898,453074
176,000228,노해로8가길,202056,459967
177,000246,답십리로21길,204211,453066
178,000254,답십리로69가길,206591,453287
179,000256,당곡2가길,193800,443550
180,000265,당산로32길,191045,447472
181,000268,당산로44길,191269,448084
182,000274,대림로29나길,190833,444056
183,000702,사당로17길,197574,442885
184,000703,사당로23나길,197784,443094
185,000706,사직로12길,197431,452856
186,000708,사직로8길,197775,452646
187,000712,사평대로57길,201889,445411
188,000458,동일로183길,206380,458158
189,000463,동일로193길,206290,458464
190,000466,동일로203가길,205671,460042
191,000468,동일로208길,205822,460477
192,000469,동일로217길,205181,461536
193,000471,동일로228길,205174,463317
194,000141,국회대로52길,191722,447247
195,000026,갈현로3길,191809,455679
196,000030,강남대로107길,201588,446597
197,000032,강남대로89길,201788,445535
198,000278,대사관로24길,200384,448146
199,000284,대학로12길,200342,453422
200,000286,대학로9길,200041,453549
201,000288,대흥로24길,195328,450541
202,000289,덕릉로10길,201394,459296
203,000291,덕릉로119가길,207027,463294
204,000961,신림로28길,194269,441508
205,000963,신림로32길,194429,441725
206,000723,삼양로112길,201501,460361
207,000726,삼양로144길,201442,461308
208,000478,동일로242다길,205047,464009
209,000480,동일로72길,206985,451777
210,000484,동작대로7길,198113,442084
211,000420,동교로18길,192677,450509
212,000034,강남대로97길,201489,446028
213,000035,강동대로9길,210288,447558
214,000002,가락로28길,210349,445231
215,000005,가마산로12길,189625,443667
216,000006,가마산로15길,189761,443862
217,000013,가재울로14길,193030,453032
218,000293,덕릉로126나길,207396,463440
219,000298,덕릉로51길,203049,459779
220,000300,덕릉로59나길,203496,460184
221,000305,덕릉로94길,206769,462523
222,000308,도림로108나길,191428,445425
223,000730,삼양로181길,200433,463749
224,000736,삼양로32가길,201939,457783
225,000764,상봉로11길,208138,454531
226,000770,새창로33길,196658,448588
227,000771,새창로4길,195726,449084
228,000421,동교로38길,193410,451360
229,000427,동산로12길,204085,441256
230,000428,동산로13길,203983,441492
231,000430,동산로2길,203764,441017
232,000437,동소문로35길,201886,455627
233,000064,경인로47다길,188272,444885
234,000066,경인로76길,190639,445719
235,000069,경희대로1길,204477,454713
236,000072,경희대로6길,204731,454845
237,000311,도림로147길,190451,446118
238,000317,도림로61가길,191424,444309
239,000233,논현로5길,204282,441396
240,000234,논현로8길,205445,442881
241,000772,새창로6길,195844,449085
242,000774,서강로11길,194010,450480
243,000776,서경로3길,201237,456186
244,000778,서달로15길,196686,445463
245,000781,서빙고로75길,199711,446965
246,000598,반포대로12길,201100,442808
247,000599,반포대로19길,200780,443101
248,000601,반포대로22길,200901,443246
249,000604,방배로15길,199446,442700
250,000501,디지털로31길,190322,443123
251,000074,고산자로14길,203285,451565
252,000075,고산자로16길,203276,451799
253,000080,고산자로60길,203332,454489
254,000038,강서로18다길,186517,448428
255,000040,강서로45길,185266,449988
256,000235,능동로19길,206362,449710
257,000240,다산로29길,201078,451347
258,000245,다산로8길,200954,450318
259,000322,도봉로10라길,202781,457335
260,000786,서오릉로21길,191850,456533
261,000787,서오릉로2길,193608,455859
262,000788,서오릉로7길,193061,456336
263,000490,두산로13길,190661,441314
264,000359,도신로19길,191160,445346
265,000362,도신로49길,192280,445841
266,000366,도화2길,195584,448773
267,000370,독립문로3길,196498,452356
268,000043,강서로48길,185635,450333
269,000045,강서로74길,186158,451897
270,000213,남현3길,198143,441688
271,000215,남현8길,197818,441574
272,000325,도봉로114길,203248,460876
273,000326,도봉로13가길,202581,457114
274,000331,도봉로156길,204016,463732
275,000332,도봉로165길,203890,464168
276,000338,도봉로21길,202398,457673
277,000439,동소문로42나길,202572,456183
278,001385,제기로2길,203000,454008
279,001441,증가로24바길,192700,453718
280,001442,증가로25길,192334,453538
281,001409,종로65길,201728,453030
282,001561,통일로92길,193387,458320
283,001562,통일로9길,196833,452025
284,001563,퇴계로10길,198267,450969
285,001566,퇴계로32길,199314,451145
286,001569,퇴계로53길,200405,451631
287,001571,퇴계로74길,201298,451679
288,001638,한천로159길,201621,460590
289,001639,한천로160길,201803,460655
290,001649,한천로63길,205860,456042
291,001652,한천로76다길,205791,456953
292,001188,원효로25길,195878,448140
293,001304,인촌로24가길,202651,453921
294,001161,왕십리로22길,203071,451539
295,001164,왕십리로31가길,202560,451602
296,001166,왕십리로33길,202406,451616
297,001170,외대역동로34길,205900,455357
298,001624,한천로105길,204075,458442
299,001690,화랑로11길,203644,455970
300,001691,화랑로18나길,204407,456341
301,001694,화랑로22길,204596,456306
302,001695,화랑로23길,204502,456552
303,001575,퇴계로88길,201837,451622
304,001583,풍성로25길,210649,448406
305,000403,독서당로59길,202783,450400
306,000752,삼양로93길,201445,459804
307,001485,천호대로111길,207242,450871
308,001486,천호대로134길,207931,449862
309,001491,천호대로27길,203331,452935
310,001494,천호대로77나길,205620,451696
311,001502,청구로21길,200943,451065
312,001173,용답25길,204699,451373
313,001064,연무장3길,204516,449483
314,001065,연무장5가길,204858,449329
315,001138,옥인6길,196880,453467
316,001140,올림픽로33길,209491,446459
317,001696,화랑로25길,204591,456665
318,001701,화랑로45길,205837,457454
319,001703,화랑로48길,206062,457021
320,001705,화랑로53길,208304,458568
321,001614,한글비석로48길,205956,462811
322,001617,한남대로21길,200503,448340
323,000797,서초대로1길,198509,443246
324,000827,성덕정15길,204770,448767
325,000866,솔매로43길,202085,458707
326,000461,동일로191길,206359,458374
327,001504,청구로6길,201343,451333
328,001506,청룡10길,195020,442180
329,001509,청룡7길,195382,442326
330,001512,청룡마을길,205097,438693
331,001143,올림픽로4길,206721,445363
332,001092,영등포로13길,190200,447115
333,001093,영등포로18길,190348,446889
334,001094,영등포로25길,190978,446984
335,001097,영등포로53길,192062,446797
336,001102,영등포로65길,192856,446232
337,001618,한남대로27길,200254,448863
338,001619,한남대로42길,200245,449284
339,001664,혜화로14길,200007,454546
340,001666,혜화로9길,199832,454191
341,001667,호암로18길,194031,440649
342,000476,동일로242가길,204956,464143
343,000353,도봉로81길,201902,459525
344,000368,도화길,195601,449096
345,000375,독막로8길,192764,449725
346,001515,청림5길,196595,443089
347,001520,청파로49길,197235,449520
348,001521,청파로61길,197297,449763
349,001525,청황길,186041,446309
350,001529,충정로6길,197113,451536
351,001104,영등포로80길,192945,445679
352,001198,월계로38길,204232,457902
353,001199,월계로49길,205013,458902
354,001669,호암로26길,194298,440989
355,001670,홍릉로12길,203898,454008
356,001672,홍릉로1가길,203731,453514
357,001587,필운대로5가길,197133,453410
358,001589,필운대로7길,197120,453537
359,001591,학동로20길,202443,445686
360,000376,독산로107길,191388,442034
361,000380,독산로21길,191587,439369
362,000388,독산로38길,191626,440159
363,000399,독산로85길,191339,441458
364,000255,답십리로72길,206435,452188
365,001655,한천로90길,205159,457342
366,001656,해등로16길,203822,461736
367,001474,창신3길,200973,452636
368,001207,월드컵로29길,191516,451039
369,001208,월드컵로31길,191318,451288
370,001209,월드컵로32길,191710,451518
371,001592,한가람로16길,210229,448641
372,001596,한강대로21길,196797,447449
373,001597,한강대로23길,196873,447551
374,001600,한강대로43길,197277,448015
375,001708,황물로15길,205237,451831
376,000263,당산로28길,190993,447246
377,000269,당산로45길,191216,448194
378,001271,이문로28길,205350,455069
379,001305,인촌로24길,202630,453857
380,001349,장터길,201718,449877
381,001475,창신5가길,200967,452750
382,001482,천장산로9길,204820,455542
383,001416,주흥13길,201613,445414
384,001310,인헌3길,197212,441627
385,001311,인헌4길,197011,441689
386,001216,월드컵북로4길,193150,451070
387,001108,영신로20길,191947,446176
388,001110,영신로54길,191538,447468
389,001111,영신로57길,191202,447602
390,001711,회기로23길,204856,454715
391,001712,회기로26길,204768,454543
392,001716,회나무로13나길,199303,449149
393,001722,효령로68길,202020,442915
394,001453,증산서길,191687,453711
395,001577,퇴계로90길,201923,451542
396,001608,한글비석로1길,206209,460057
397,001315,자동차시장1길,205598,451218
398,001320,자하문로24길,197528,453676
399,001322,자하문로36길,197132,454509
400,001323,자하문로41길,196585,455295
401,001113,영중로29길,191492,447307
402,001114,영중로42길,191711,447686
403,001118,오금로32길,210518,444922
404,001122,오금로64길,213025,443651
405,001725,효창원로62길,196721,448925
406,001727,효창원로70길,196771,449125
407,001732,후암로13길,198019,449781
408,001733,후암로23길,197946,449982
409,001601,한강대로52길,197556,448051
410,001604,한강대로62다길,197742,448194
411,000914,시흥대로160길,191300,442389
412,000915,시흥대로175길,191562,443176
413,000924,시흥대로71길,191112,439552
414,000927,시흥대로88가길,191256,440319
415,000885,송파대로38길,209980,444673
416,000886,수락산로4길,206632,462856
417,000889,수색로2길,192709,452488
418,000890,수색로4길,192441,452340
419,001124,오리로22길,185143,444394
420,001127,오패산로19길,203029,456687
421,001136,오현로32길,203530,458707
422,000046,강서로8길,187122,447889
423,000049,개운사2길,202489,454384
424,000059,경인로112길,192402,446489
425,000077,고산자로31길,203325,453030
426,001413,종암로28길,203002,455742
427,001414,종암로40길,202825,456510
428,001366,전농로5길,205001,452364
429,001367,전원말2길,199037,440640
430,001373,정릉로31길,201417,456017
431,001377,정릉로38라길,201737,455756
432,001070,연서로19길,192515,457179
433,000964,신림로38길,194539,441856
434,001190,원효로39길,196243,448360
435,001196,월계로21길,203381,457254
436,001294,인수봉로67길,200944,460051
437,001295,인수봉로68길,201249,460176
438,001297,인수봉로72가길,201146,460427
439,001387,제기로37길,204433,454132
440,001673,홍릉로29길,203671,454568
441,001677,홍은중앙로9길,195266,455577
442,001684,화계사길,200938,459376
443,001687,화곡로25길,185714,449154
444,001380,정릉로6길,199131,456724
445,001383,정릉로9라길,200050,456842
446,001418,중계로12가길,207301,460871
447,001419,중계로18길,206872,461318
448,001328,잠원로14길,201275,446354
449,001329,잠원로8길,200981,446150
450,001151,왕산로22길,202886,453002
451,001155,왕산로36길,203919,453226
452,001156,왕산로3길,202330,453084
453,001007,아차산로70길,209022,449082
454,001009,아차산로7가길,204853,449654
455,001390,조원로12길,191831,442504
456,001392,조원로14길,192042,442580
457,001397,조원로6길,191612,442528
458,001399,종로24길,199431,452217
459,001406,종로58가길,201489,452522
460,000405,돈화문로4길,199431,452217
461,000410,돌곶이로25길,204811,456773
462,000091,곰달래로31가길,187104,448104
463,001333,장문로49길,200384,447802
464,001335,장월로12길,204424,457024
465,001339,장월로2길,204306,456516
466,001343,장위로40길,204610,456945
467,001011,안암로5길,202068,453480
468,001015,압구정로29길,202374,447988
469,001017,약령서1길,203229,453449
470,001023,양산로23길,190947,447192
471,001026,양재대로128길,212765,449472
472,001241,은천로9길,194774,443040
473,001244,은평로12길,193385,455609
474,001246,은평로20길,193982,455547
475,000103,공릉로65길,206200,459577
476,001739,휘경로11가길,205670,455126
477,000007,가마산로61길,191570,445241
478,000015,가재울로6길,193221,452938
479,001450,증산로23길,192421,455341
480,001452,증산로9길,191881,453964
481,001459,지봉로7길,201351,452853
482,001029,양재천로19길,203348,441916
483,001031,양천로16길,183290,452607
484,001034,양천로57길,186922,451594
485,001038,양평로19길,190617,448488
486,001042,양화로19길,193313,451038
487,001043,양화로23길,193406,451119
488,001252,을지로22길,199666,451808
489,001255,을지로5길,198657,451965
490,001264,응암로2길,192301,453398
491,001265,응암로34길,193136,455335
492,001268,이문로1길,204676,454407
493,000031,강남대로83길,201848,445122
494,000033,강남대로8길,203876,441058
495,000279,대사관로30가길,200327,448039
496,001461,지양로3길,185525,446599
497,001462,진흥로12길,193529,456465
498,001466,창경궁로13길,199676,452237
499,001470,창경궁로43길,200315,454440
500,001046,언남11길,203832,441713
501,001049,언주로30길,204711,443267
502,001051,여의대방로13길,192590,444245
503,001052,여의대방로23길,192827,444307
504,001056,여의대방로43가길,193142,445286
505,001269,이문로24길,205297,455082
506,001274,이문로43나길,205406,455815
507,001275,이촌로14길,195991,447478
508,001277,이촌로75길,197741,446724
509,001279,이태원로17길,199209,448386
510,001284,이태원로36길,199947,448256
511,000280,대사관로31길,200446,448283
512,000304,덕릉로83길,206574,462283
513,000315,도림로47길,191131,444155
514,000343,도봉로30길,202661,457968
515,000423,동교로46길,193465,451418
516,001346,장터2길,201603,449814
517,001352,장한로21길,206095,452289
518,001353,장한로24길,206372,452268
519,001355,장한로31길,206254,452860
520,001061,역삼로78길,205052,444699
521,000992,신촌로31길,195888,450905
522,000995,신촌로4길,193705,450855
523,000996,신촌로9길,194071,451054
524,000997,신풍로17길,192636,444683
525,001290,인수봉로28길,201261,458866
526,001407,종로5길,198152,452676
527,001221,위례성대로20길,211263,445587
528,001224,율곡로16길,200357,452831
529,001230,율곡로5길,198613,453111
530,001235,은천로24길,195447,442960
531,000438,동소문로42길,202452,456216
532,000109,공항대로7길,183477,451424
533,000110,관악로11길,195515,442085
534,000117,광나루로12길,205985,449739
535,001362,전농로27길,204620,453300
536,001534,토정로11길,193337,449576
537,001537,토정로37길,195186,449177
538,001541,통일로26길,195677,453726
539,001006,아차산로51길,207523,448971
540,000931,시흥대로98길,191047,440373
541,000935,신길로28길,192192,444807
542,000940,신길로40길,192207,445273
543,001239,은천로5길,194521,443076
544,001181,용마산로45길,207689,452819
545,001081,연세로2마길,194898,450971
546,001082,연세로4길,194739,451007
547,000142,국회대로53길,191737,447496
548,001734,후암로30길,198187,450149
549,001738,휘경로10길,205489,455006
550,001560,통일로89길,192827,458352
551,001546,통일로40길,195015,454578
552,001549,통일로66길,193949,456809
553,001434,중앙로45길,186794,446845
554,001436,중앙로6길,188094,444535
555,000826,성덕정11길,204601,448795
556,001146,올림픽로98길,211861,450229
557,001185,우이천로20길,203035,460146
558,001186,우이천로4라길,203833,459365
559,001086,연희로31길,194096,452928
560,001423,중랑역로13길,206598,455234
561,001426,중림로5길,196930,451120
562,001429,중앙2길,195962,442770
563,001431,중앙로1길,187876,444295
564,000668,봉우재로70길,208654,454834
565,000760,상계로35길,206893,463531
566,000837,성북로23길,199327,454806
567,000839,성북로8길,200478,454623
568,000807,서초대로8길,198959,442773
569,000810,서해안로24길,185777,443238
570,000811,석계로13길,205444,457897
571,000701,사당로16길,197539,442402
572,000904,시흥대로130길,191205,441258
573,000805,서초대로54길,201628,443642
574,000126,구로동로13길,189645,443079
575,000841,성수일로1길,204180,449118
576,000974,신목로4길,188969,446786
577,000982,신월로15길,186011,446681
578,000815,선릉로130길,203868,446396
579,000986,신정중앙로23길,187837,447600
580,000540,망우로16길,205444,454330
581,000905,시흥대로136길,191227,441412
582,000941,신길로41길,191852,445348
583,000131,구로동로42길,189707,444273
584,000133,구로중앙로28길,190059,444554
585,000975,신목로5길,188698,446488
586,000985,신이문로9길,205516,456103
587,000546,망우로43길,207387,455189
588,000543,망우로21가길,205523,454614
589,000553,면목로35길,207402,453246
590,000554,면목로40길,207812,453238
591,000946,신길로60가길,192189,445969
592,000949,신길로8길,191980,444043
593,000951,신내로17길,208104,457415
594,000952,신대방1가길,191875,443035
595,000134,구로중앙로7길,190276,443461
596,000682,북아현로12길,196241,451451
597,000550,면목로13길,207237,452209
598,000097,공릉로2길,207028,456926
599,000085,고척로31길,186529,444995
600,000848,세검정로3길,195311,454989
601,000416,돌곶이로8길,205605,456337
602,000451,동일로149길,206690,456245
603,000684,북아현로22길,196067,451706
604,000687,북촌로5나길,198458,453874
605,000099,공릉로34길,207139,458244
606,000850,세검정로9길,196478,456138
607,000856,소공로3길,198455,450749
608,000860,소월로38가길,199166,449229
609,000491,두산로5길,190328,441378
610,000492,두산로9길,190502,441369
611,000494,두텁바위로58길,198479,449891
612,000689,불광로18길,194393,458083
613,000088,고척로3길,185590,444301
614,000092,곰달래로31길,186703,448136
615,000556,면목로54길,208011,453774
616,000558,면목로74길,207844,454399
617,000560,면목로84길,207813,454733
618,000496,둘레길,204529,448600
619,000691,비봉2길,196531,457215
620,000093,곰달래로35길,187049,448343
621,000817,선유로33길,190318,447592
622,000563,면목천로23길,207262,454385
623,000568,모래내로24길,195037,453765
624,000123,광평로10길,207111,442075
625,000925,시흥대로72길,191345,439932
626,000800,서초대로26길,199649,442988
627,000822,선유서로25길,189769,447244
628,000824,성균관로9길,199675,454329
629,000716,삼선교로14길,200847,453945
630,000569,목동남로2길,187984,445239
631,000096,공릉로12길,207106,457394
632,000794,서울시립대로2길,204240,452618
633,000739,삼양로38길,201945,457933
634,000742,삼양로58길,201794,458561
635,000803,서초대로38길,200606,443274
636,000828,성덕정19길,204979,448689
637,000833,성미산로29길,193115,451742
638,000718,삼선교로2길,200501,454221
639,000720,삼성로100길,205041,445629
640,000843,성안로3길,210951,447616
641,000892,수유로12길,201793,459137
642,000743,삼양로68길,201717,458708
643,000749,삼양로79길,201432,458985
644,000751,삼양로91길,201408,459701
645,000756,삼일대로4길,199090,451365
646,000497,등촌로39길,187639,449641
647,000506,디지털로38길,191215,443090
648,000842,성수일로4길,204626,449196
649,001073,연서로27길,192665,457519
650,000893,수유로23길,201759,459854
651,000899,승방길,198185,441484
652,000371,독립문로8길,196471,451987
653,000374,독막로32길,194554,449642
654,000510,디지털로57길,191161,443589
655,000135,구로중앙로8길,190496,443741
656,000515,뚝섬로56길,207290,447869
657,000531,마포대로16길,196245,450118
658,000532,마포대로20길,196258,450251
659,000397,독산로80길,191531,441123
660,000404,독서당로59다길,202698,450351
661,000382,독산로23길,191568,439434
662,000383,독산로24길,191815,439552
663,000391,독산로44길,191743,440226
664,000139,국제금융로7길,194061,447098
665,000340,도봉로24길,202649,457726
666,000341,도봉로28길,202733,457917
667,000191,남부순환로191길,194156,442904
668,000535,만리재로24길,196939,450308
669,000536,만리재로35길,197120,450820
670,000407,돌곶이로18길,205282,456659
671,000412,돌곶이로32길,204730,457457
672,000414,돌곶이로41가길,203905,457600
673,000394,독산로69길,191237,440702
674,000217,노량진로6길,194355,445698
675,000223,노해로35길,201988,460902
676,000189,남부순환로170길,193317,442461
677,000539,망우로14길,205267,454208
678,000195,남부순환로209길,195069,442573
679,000197,남부순환로234길,196144,442028
680,000181,남부순환로130길,191878,442185
681,000182,남부순환로144길,192335,442291
682,000185,남부순환로151길,192630,442669
683,000188,남부순환로163가길,192945,442857
684,000163,난곡로11길,192789,440656
685,000164,난곡로16길,193044,440820
686,000167,난곡로30길,193186,441364
687,000693,사가정로27길,206251,453375
688,000695,사가정로8길,204967,452920
689,000696,사근동11길,204167,451522
690,000202,남부순환로323길,201214,442560
691,000203,남부순환로333길,201825,442678
692,000082,고산자로8나길,203158,451024
693,000108,공항대로61길,188127,450274
694,000119,광나루로56길,208559,448779
695,000121,광운로2길,205156,457535
696,000172,난곡로66길,192472,442594
697,000177,난향12길,192558,440451
698,000585,무학로43길,202529,453364
699,000589,문성로30길,193641,442113
700,000590,문성로5길,191642,442069
701,000700,사당로14가길,197474,442729
702,000606,방배로31길,199090,443392
703,000609,방배천로4안길,198532,442406
704,000083,고척로21나길,186023,444863
705,000670,봉천로23길,194324,443169
706,000661,보문로7길,201989,453115
707,000664,봉우재로14길,206884,454465
708,000665,봉우재로28길,207493,454665
709,000647,보국문로18길,200892,456853
710,000834,성북로14가길,200180,454943
711,000836,성북로18길,200024,454934
712,000648,보국문로30길,200383,457611
713,000649,보국문로8길,201033,456606
714,001303,인촌로1길,201635,454222
715,001307,인촌로28길,202761,453971
716,001317,자양번영로1길,206505,447914
717,000551,면목로27길,207325,452804
718,000671,봉천로23나길,194442,443049
719,000732,삼양로20길,202083,457190
720,001260,응암로1길,192099,453557
721,000219,노원로1길,207378,457977
722,000236,능동로35길,206795,450841
723,000238,다동길,198338,452100
724,000239,다산로14길,201112,450703
725,001658,행당로17길,202875,451160
726,001019,약령시로15길,203676,453798
727,001039,양평로20길,190840,448688
728,000071,경희대로4길,204793,454696
729,001172,용답19길,204566,451462
730,001175,용답중앙13길,204671,451751
731,001572,퇴계로76길,201245,451588
732,001578,팔판길,198303,453708
733,001595,한강대로15길,196747,447393
734,001611,한글비석로24나길,206266,462601
735,001287,이화장길,200339,453162
736,000959,신림로17길,194368,440926
737,001531,탑골로2길,192253,439052
738,001211,월드컵로3길,192007,450126
739,001217,월드컵북로5나길,192597,450857
740,001421,중계로6길,207684,460506
741,001222,윤보선길,198552,453150
742,001227,율곡로1길,198338,453054
743,001524,청파로93길,197098,450489
744,000877,솔샘로4길,200553,456538
745,001183,우사단로2길,199855,447843
746,000508,디지털로53가길,191189,443504
747,000714,삼각산로22길,201444,460028
748,000728,삼양로163길,201058,462173
749,000175,난우10길,192865,441884
750,001511,청룡길,195221,442293
751,001514,청림2길,196332,443092
752,001440,증가로23나길,192328,453463
753,001449,증산로21길,192289,455176
754,000896,숭문길,195230,450177
755,001067,연서로13길,192334,456688
756,000107,공항대로55길,187723,450557
757,000733,삼양로24길,201989,457550
758,000735,삼양로29길,201772,457742
759,000572,목동중앙남로11길,188067,448878
760,001665,혜화로3길,199831,454030
761,001573,퇴계로83길,201663,451944
762,001632,한천로134길,202504,460039
763,001640,한천로170길,201709,460817
764,000454,동일로163길,206670,456921
765,000459,동일로184길,206700,458290
766,001559,통일로87길,192806,458209
767,000244,다산로44길,201923,451720
768,001463,진흥로1길,192801,455973
769,000652,보문로13다길,201794,453409
770,000659,보문로37길,201166,454555
771,001682,홍지문2길,196032,455713
772,001400,종로26길,199483,452223
773,001415,종암로5길,203044,454879
774,001645,한천로33길,205934,453094
775,001331,장군봉2길,194604,442607
776,001661,행당로9길,202508,451075
777,001676,홍은중앙로8길,195435,455479
778,001586,필운대로1길,197051,453168
779,000479,동일로243길,204714,464325
780,000489,동호로5길,200747,449674
781,001223,율곡로10길,199221,452928
782,000259,당산로10길,190950,446910
783,000262,당산로18길,190929,447057
784,001620,한림말1길,201440,449291
785,001628,한천로129길,202596,459729
786,001080,연세로2길,194817,450836
787,000111,관악로14길,196093,442096
788,000136,구암길,195356,443494
789,001699,화랑로40길,205549,457031
790,001095,영등포로27길,191085,446974
791,001098,영등포로5길,189824,447246
792,001100,영등포로62길,192511,446270
793,001231,율곡로6길,198986,452950
794,001237,은천로2길,194458,442932
795,001374,정릉로31나길,201351,456139
796,001395,조원로2가길,191481,442630
797,001405,종로57길,201505,452740
798,001697,화랑로32길,205193,456360
799,000597,바우뫼로7길,202177,441408
800,000660,보문로3길,201982,452957
801,000663,봉우재로13길,206854,454618
802,000673,봉천로31길,194729,442781
803,000152,금호산2길,202005,449918
804,000261,당산로16길,190981,447006
805,000313,도림로38길,190921,443649
806,000737,삼양로32나길,201959,457862
807,000999,신풍로8길,192018,444479
808,001735,후암로35길,197900,450067
809,000440,동소문로43다길,202346,456494
810,000444,동숭4길,200449,453839
811,000149,금하로24길,191918,438776
812,000942,신길로42가길,192449,445558
813,000944,신길로45길,192039,445517
814,000955,신림동5가길,193454,443015
815,000698,사근동8길,204203,451139
816,001105,영등포로84길,193100,445789
817,001107,영신로19길,191696,446057
818,001004,아리랑로19길,200432,455841
819,001014,안암로9나길,202139,453556
820,001018,약령서길,203237,453693
821,000499,등촌로5가길,187726,448291
822,000500,디지털로27길,190151,442796
823,001497,청계천로10나길,203123,452279
824,000879,솔샘로64나길,202276,457437
825,000882,솔샘로68길,202555,457405
826,000433,동소문로13길,201061,454784
827,000475,동일로241가길,204709,464079
828,000600,반포대로21길,200723,443032
829,001258,응암로13길,192545,454405
830,001254,을지로32길,199996,451753
831,000264,당산로31길,190668,447507
832,000337,도봉로20가길,202561,457895
833,000564,명동길,198755,451692
834,000761,상계로37길,207028,463516
835,000791,서울숲2길,203709,449700
836,000799,서초대로25길,199378,443395
837,000895,숭문16길,195440,450697
838,000903,시흥대로128길,191062,441184
839,001454,지봉로12길,201462,453158
840,001457,지봉로4길,201499,452392
841,000610,방울내로7길,191314,451314
842,000620,백범로90라길,197261,448774
843,000642,벚꽃로38길,189781,442627
844,000845,성지3길,192484,449677
845,000377,독산로108길,191762,442213
846,000387,독산로36길,191824,440076
847,000401,독산로93길,191350,441628
848,001718,효령로29길,199494,442651
849,001719,효령로34길,199997,442266
850,000650,보라매로2길,193693,443387
851,000962,신림로30길,194306,441473
852,001464,진흥로22길,196170,456237
853,001477,창신6길,200976,452864
854,000086,고척로33길,186577,445050
855,000242,다산로36길,201553,451352
856,000443,동소문로6길,200722,454364
857,001472,창덕궁길,199291,453584
858,000390,독산로40길,191928,440235
859,000393,독산로64길,191608,440739
860,001109,영신로38길,191449,446811
861,001027,양재대로84길,212095,447222
862,000509,디지털로54길,191364,443338
863,000967,신림로48길,194132,442183
864,000978,신반포로45길,201469,445855
865,001742,휘경로2길,205344,455051
866,000176,난우길,192716,441805
867,001201,월곡로14길,203722,455678
868,001204,월드컵로14길,192243,450793
869,000651,보문로13나길,201932,453314
870,000750,삼양로8길,202160,456446
871,000715,삼선교로10길,200829,454085
872,000734,삼양로27길,201673,457708
873,001187,원효로19길,195891,448187
874,001197,월계로37길,203670,458031
875,000145,금하로11길,191495,439522
876,000168,난곡로34길,193047,441423
877,000184,남부순환로149길,192539,442638
878,000186,남부순환로153길,192607,442746
879,000211,남부순환로97길,187567,443834
880,000232,녹사평대로46길,199002,448692
881,000251,답십리로65길,206153,452909
882,000851,세무서2길,195345,454361
883,001229,율곡로3길,198410,453099
884,000870,솔샘로15가길,200197,457146
885,000294,덕릉로24길,201887,459327
886,000321,도봉로10다길,202795,457229
887,000605,방배로23길,199343,442950
888,000657,보문로34길,201677,454625
889,000809,서초중앙로33길,200957,444619
890,000821,선유서로24길,190070,447135
891,001033,양천로49길,185901,452392
892,001044,양화로7길,192443,450358
893,000058,경동시장로12길,203711,453629
894,000762,상계로9가길,205969,462193
895,000922,시흥대로62길,191341,439656
896,001003,쑥고개로11길,194905,442358
897,001010,아차산로7길,204826,449773
898,001412,종암로27길,202731,455735
899,000902,시흥대로122길,191073,441129
900,001499,청구로14길,201101,451365
901,001478,창신길,200882,453004
902,001493,천호대로4길,202244,452607
903,000729,삼양로173길,199382,461817
904,000738,삼양로37길,201775,457907
905,000746,삼양로74길,201798,458916
906,001057,여의대방로55길,193242,445906
907,001256,응암로11길,192277,454218
908,001276,이촌로22길,196103,447338
909,001280,이태원로20가길,199272,448191
910,001202,월곡로5길,203179,455511
911,001557,통일로83길,192745,457909
912,000485,동호로11길,200731,450361
913,001519,청파로47길,197141,449472
914,001293,인수봉로56길,201338,459581
915,001131,오패산로52길,202796,458544
916,001135,오현로31길,203027,459227
917,000171,난곡로63길,192239,442384
918,001103,영등포로72길,192824,445880
919,001115,영천시장길,196568,452281
920,001134,오현로25다길,203085,458577
921,001141,올림픽로35가길,209227,446385
922,001169,왕십리로8길,204079,449647
923,000511,디지털로74길,191775,443991
924,000537,만리재옛길,196262,449866
925,000831,성덕정길,204646,448703
926,001653,한천로78길,205703,456956
927,000544,망우로32길,206759,454889
928,000548,망우로66길,208789,455380
929,001318,자하문로10길,197552,453355
930,001319,자하문로1길,197355,453072
931,001342,장위로38길,204518,456908
932,001354,장한로25길,206111,452500
933,001361,전농로20길,205134,453297
934,000432,동소문로13가길,200934,454640
935,000436,동소문로2길,200781,454369
936,000200,남부순환로272길,198106,441773
937,000210,남부순환로95길,187290,443880
938,000829,성덕정3길,204212,448903
939,001507,청룡3길,195365,442305
940,001522,청파로85길,197072,450343
941,001648,한천로58길,206073,456570
942,001702,화랑로47길,205849,457363
943,001710,회기로21길,204729,454722
944,001299,인수봉로77길,200822,460545
945,000334,도봉로180길,204323,464791
946,000336,도봉로19길,202473,457609
947,001432,중앙로33길,186856,446510
948,001517,청파로43길,197215,449364
949,001523,청파로89길,197068,450418
950,001528,충정로5길,196765,451479
951,001610,한글비석로23길,206047,462259
952,001551,통일로68길,193810,457034
953,001629,한천로130길,202762,460043
954,001386,제기로31길,204156,454265
955,001062,연남로5길,192976,451234
956,001139,올림픽로32길,209887,445890
957,001530,충정로9길,196846,451630
958,001336,장월로1길,203757,456267
959,001612,한글비석로46길,206261,462736
960,001693,화랑로1길,203002,456115
961,001063,연대동문길,194660,451719
962,001142,올림픽로35길,209400,446682
963,001479,창의문로11길,196595,454946
964,001480,천장산로4길,205288,455589
965,001553,통일로71길,193437,456995
966,001210,월드컵로36길,191472,451929
967,001574,퇴계로87길,201846,451913
968,001698,화랑로37길,205102,457039
969,001700,화랑로43길,205483,457237
970,001704,화랑로51길,207916,458321
971,001554,통일로73길,193208,457286
972,001483,천중로40길,212213,448871
973,001709,황물로3길,204659,452185
974,001212,월드컵로7길,191966,450259
975,001593,한강대로104마길,197787,450199
976,001581,포방터2길,195623,455373
977,001582,포방터길,195557,455676
978,001555,통일로77길,193065,457411
979,001615,한남대로10길,200834,448119
980,001616,한남대로20길,200772,448380
981,001713,회기로28길,204910,454392
982,001714,회기로29길,205127,454639
983,001720,효령로40길,200499,442480
984,001599,한강대로40길,197787,447660
985,001706,화랑로5길,203482,456080
986,001487,천호대로13길,202604,452919
987,000755,삼일대로32길,198977,452901
988,001484,천중로50길,212606,448842
989,000759,상계로12길,206171,461833
990,001309,인촌로7다길,201830,454284
991,001312,인헌6길,196887,441729
992,001707,환일길,196566,450518
993,001489,천호대로170길,211684,448121
994,001495,천호대로7길,202411,452888
995,001496,천호옛14길,211218,448522
996,000766,상원길,204301,449782
997,000798,서초대로23길,199192,443311
998,001213,월드컵북로16길,192546,451606
999,000257,당곡6길,193859,443613
1000,001325,자하문로7길,197358,453316
1001,001498,청계천로12가길,203141,452390
1002,001174,용답중앙11다길,204670,451833
1003,001177,용마산로112길,209095,455473
1004,000847,세검정로1길,195104,454883
1005,000460,동일로186길,206655,458374
1006,001214,월드컵북로30길,192043,452061
1007,001112,영신로9길,191777,445856
1008,000319,도림로69길,191536,444608
1009,000320,도봉로109길,202759,460847
1010,001503,청구로3길,201206,450829
1011,001219,월드컵북로7길,192618,450868
1012,001439,증가로20길,192833,453544
1013,001410,종암로14길,203267,455238
1014,001564,퇴계로20길,198804,450970
1015,000323,도봉로110길,203181,460744
1016,000785,서오릉로18길,192110,457401
1017,001510,청룡8길,195046,442337
1018,001513,청룡중앙길,195316,442055
1019,001532,탑골로4길,192372,439074
1020,001106,영신로17길,191766,446043
1021,001308,인촌로6길,201979,453836
1022,001565,퇴계로28길,199215,451224
1023,001567,퇴계로46길,199985,451342
1024,001570,퇴계로56길,200468,451443
1025,001642,한천로18길,205781,452103
1026,000790,서운로11길,202395,443091
1027,000793,서울시립대로29길,204799,454002
1028,000358,도신로15길,190921,445349
1029,001145,올림픽로92길,211526,449767
1030,001203,월드컵로10길,192290,450682
1031,001635,한천로14길,205756,451846
1032,001644,한천로28길,206006,452661
1033,000361,도신로35길,191849,445657
1034,000363,도신로53길,192480,445851
1035,000364,도신로54길,192477,445690
1036,001089,연희로41가길,194142,454718
1037,001096,영등포로35길,191502,446894
1038,001099,영등포로60길,192564,446338
1039,001205,월드컵로23길,191862,450639
1040,001671,홍릉로18길,203916,454101
1041,001650,한천로69길,205632,456513
1042,001651,한천로70길,205833,456604
1043,001654,한천로80길,205602,456979
1044,000365,도영로7길,190844,445619
1045,000041,강서로47가길,185430,450252
1046,001621,한림말3길,201427,449246
1047,001659,행당로1길,202105,450812
1048,001660,행당로8길,202865,450861
1049,001584,풍성로37가길,211348,448163
1050,001585,풍성로54길,211793,447628
1051,001588,필운대로6길,197319,453520
1052,001189,원효로35길,196107,448349
1053,001159,왕십리로19길,203365,450799
1054,001163,왕십리로30길,202874,451763
1055,000044,강서로5나길,186249,447661
1056,000209,남부순환로70길,185437,446944
1057,001663,행운길,196429,442360
1058,000467,동일로207길,205459,460255
1059,001590,필운대로9가길,197015,453708
1060,000378,독산로10길,191891,438974
1061,000385,독산로32길,191752,439780
1062,001167,왕십리로5길,203798,449742
1063,001168,왕십리로6길,204160,449622
1064,001171,외대역동로5가길,205520,454802
1065,000212,남현2길,197637,441601
1066,000324,도봉로113길,202818,460990
1067,000352,도봉로78길,202152,459066
1068,000354,도봉로87길,202042,459902
1069,000396,독산로74길,191439,441030
1070,000398,독산로84길,191530,441429
1071,001623,한천로101가길,204338,457800
1072,001625,한천로109가길,203771,458592
1073,000328,도봉로150길,203916,462874
1074,000329,도봉로152길,203948,463308
1075,000330,도봉로153길,203678,463324
1076,000355,도봉로8길,202887,456891
1077,000360,도신로29길,191576,445574
1078,000369,독립문로14길,196641,451919
1079,000250,답십리로56길,205198,452302
1080,001657,해등로26길,202893,462147
1081,000158,낙산성곽서길,200707,452973
1082,000208,남부순환로59길,185180,448052
1083,000727,삼양로159길,200692,462009
1084,000473,동일로236길,205102,463741
1085,000594,바람드리길,210545,448690
1086,000017,가좌로6길,193039,454286
1087,000634,백제고분로45길,209694,445594
1088,000636,백제고분로50길,210360,446033
1089,000621,백석동길,197147,455314
1090,000474,동일로239길,204667,463936
1091,000481,동일로95길,206875,453913
1092,000019,가좌로7다길,192816,453921
1093,000065,경인로59길,189663,445294
1094,000067,경인로90길,191212,446035
1095,000862,솔매로22길,201402,458316
1096,000864,솔매로31길,201828,458421
1097,000865,솔매로36길,202071,458332
1098,000623,백제고분로18길,207459,444888
1099,000271,당산로52길,191540,448321
1100,000276,대림로44길,190989,444763
1101,000483,동일로99길,206896,454236
1102,000486,동호로14길,200891,450797
1103,000070,경희대로3길,204438,454880
1104,000068,경희궁3나길,197032,452604
1105,000310,도림로12길,190185,443024
1106,000314,도림로41길,190982,443972
1107,000316,도림로53길,191228,444216
1108,000871,솔샘로18길,200705,456800
1109,000875,솔샘로47길,201593,457945
1110,000876,솔샘로48길,201620,457765
1111,000638,범안로15길,190513,440951
1112,000643,벚꽃로56길,189651,442721
1113,000704,사임당로12길,201504,443203
1114,000073,고덕로10길,211488,450423
1115,000775,서강로20길,194378,450359
1116,000777,서달로14길,196857,445344
1117,000231,녹사평대로46가길,199044,448523
1118,000773,서강대길,194729,449979
1119,000047,개봉로2길,187538,443391
1120,000053,거북골로20길,192056,453362
1121,000705,사임당로1길,201007,443231
1122,000707,사직로1길,196647,452658
1123,000711,사평대로2길,198901,444004
1124,000713,살곶이8길,203702,450804
1125,000779,서래로5길,199551,444273
1126,000780,서림3길,194733,441470
1127,000783,서순라길,199249,452922
1128,000487,동호로15길,200724,450591
1129,000078,고산자로50길,203472,453976
1130,000079,고산자로52길,203505,454259
1131,001403,종로50다길,201009,452317
1132,000054,거북골로23길,191662,453218
1133,000060,경인로22길,186409,444109
1134,000062,경인로40길,187539,443993
1135,000227,노해로70길,204586,461149
1136,000455,동일로169길,206652,457126
1137,000457,동일로178길,206744,457869
1138,000784,서오릉로13길,192370,456905
1139,000595,바우뫼로37길,203446,442284
1140,000036,강서로17다길,186036,448284
1141,000039,강서로39길,185576,449406
1142,000248,답십리로51길,205137,452682
1143,000249,답십리로52길,205178,452435
1144,000260,당산로14길,190890,446983
1145,000266,당산로37길,190974,447869
1146,000267,당산로38길,191077,447704
1147,000462,동일로192길,206628,458548
1148,000465,동일로196길,206496,458722
1149,000470,동일로227길,204750,463125
1150,000596,바우뫼로39길,203445,442581
1151,000602,반포대로39길,200130,444274
1152,000237,능동로4길,206178,448089
1153,000241,다산로33길,201119,451520
1154,000105,공항대로42길,186146,450834
1155,000106,공항대로45길,187257,450891
1156,000472,동일로231길,204696,463573
1157,000020,가좌로9길,192511,454478
1158,000603,반포대로9길,200769,442466
1159,000626,백제고분로27길,208243,445051
1160,000628,백제고분로32길,208071,444626
1161,000611,방학로6길,203505,462768
1162,000614,백범로17길,195079,449856
1163,000023,갈현로29길,192309,457921
1164,000418,동광로1길,198553,443893
1165,000144,금낭화로23길,183361,453254
1166,000001,가락로16길,209631,444600
1167,000003,가락로36길,210529,445603
1168,000953,신도림로11길,189270,445500
1169,000912,시흥대로152길,191129,441973
1170,000921,시흥대로62가길,191503,439655
1171,000615,백범로25길,195467,449911
1172,000025,갈현로37길,192476,458212
1173,000028,갈현로45길,192604,458645
1174,000008,가마산로88길,192960,444861
1175,000012,가산로7길,190345,441646
1176,000014,가재울로4길,193248,452882
1177,000918,시흥대로40마길,191810,438740
1178,000619,백범로90다길,197282,448522
1179,000029,갈현로4길,192271,455753
1180,000277,대림로7길,191545,443282
1181,000281,대사관로34길,200541,447937
1182,000016,가좌로11길,191751,455169
1183,000296,덕릉로30길,202275,459284
1184,000297,덕릉로42길,202782,459378
1185,000526,마천로51길,213337,444187
1186,000528,마천로7길,211393,445512
1187,001077,연서로5길,192348,456040
1188,000285,대학로7길,199943,453305
1189,000299,덕릉로54길,203365,459694
1190,000301,덕릉로59아길,203409,460303
1191,000303,덕릉로73길,206395,461442
1192,000306,도곡로77길,205125,444440
1193,000529,마포대로12길,195998,449767
1194,000530,마포대로14길,196164,449889
1195,000968,신림로58길,193976,442498
1196,000972,신림로73길,193346,443231
1197,000287,대흥로21길,194958,450519
1198,000290,덕릉로113길,206777,462959
1199,000307,도당로15길,203092,462982
1200,000763,상도로15길,194312,444933
1201,000579,목동중앙서로7길,188113,448352
1202,000583,무학로27길,202595,452772
1203,000584,무학로30길,202887,452798
1204,000349,도봉로57길,202154,458665
1205,000575,목동중앙본로28길,188688,449330
1206,000576,목동중앙본로7길,188236,448933
1207,000519,마방로4길,203551,441471
1208,000292,덕릉로122길,207180,463264
1209,000677,봉화산로4길,206792,455581
1210,000767,상일로5길,215185,450028
1211,000768,새말로16길,190376,444967
1212,000769,새말로8길,205344,443104
1213,000345,도봉로38길,202625,458115
1214,000351,도봉로73길,202019,459223
1215,000356,도봉로95길,202332,460304
1216,000226,노해로69가길,204167,462028
1217,000520,마장로27길,203142,452023
1218,000523,마장로35나길,203620,452023
1219,000525,마장로9길,201820,452184
1220,000722,삼성로64길,205628,444637
1221,000724,삼양로124길,201487,460690
1222,000422,동교로39길,193257,451421
1223,000425,동남로81길,213621,451165
1224,000426,동남로8길,211159,443308
1225,000429,동산로19길,204122,441575
1226,000357,도봉산3길,203762,465064
1227,000629,백제고분로34길,208753,444597
1228,000147,금하로1가길,190382,439234
1229,000151,금호로1길,202069,449770
1230,000153,길음로13길,201640,456601
1231,000725,삼양로139길,200467,461255
1232,000431,동산로6길,203890,441189
1233,000434,동소문로13나길,201302,454965
1234,000631,백제고분로40길,209384,444762
1235,000633,백제고분로42길,209757,445033
1236,000155,까치산로10길,186496,449128
1237,000157,나루터로4길,201107,445709
1238,000991,신촌로30길,195629,450742
1239,001576,퇴계로8길,198288,450849
1240,001594,한강대로10길,196851,447211
1241,001182,우사단로10길,199998,448056
1242,000928,시흥대로88길,191163,440044
1243,000933,신길로17길,191733,444264
1244,000993,신촌로37안길,196354,451077
1245,001550,통일로67길,193663,456808
1246,001605,한강대로7길,196567,447214
1247,000868,솔매로46길,202082,458267
1248,001206,월드컵로25길,191451,450898
1249,000934,신길로23나길,191839,444731
1250,000936,신길로34가길,192296,444970
1251,001433,중앙로34길,187353,446718
1252,001435,중앙로46길,187217,447006
1253,000505,디지털로37길,191003,443435
1254,000709,사평대로22길,199688,444147
1255,000710,사평대로28길,200004,444343
1256,001248,은평로3길,192494,455658
1257,001527,충정로4길,196844,451252
1258,001568,퇴계로4길,198168,450918
1259,001238,은천로35라길,195892,443119
1260,001178,용마산로115길,208575,455434
1261,001179,용마산로117길,208714,455620
1262,001630,한천로131길,202624,459703
1263,000825,성대로1길,194108,444604
1264,001148,와우산로29나길,193648,450544
1265,000719,삼선교로4길,200685,453843
1266,001438,증가로12나길,193056,453561
1267,001445,증가로8길,193487,453261
1268,001180,용마산로139길,208612,457451
1269,001079,연서로9길,192323,456539
1270,001184,우사단로6길,199794,448069
1271,001085,연희로25길,194129,452409
1272,001087,연희로33길,194201,453147
1273,001538,통일로12길,196585,452715
1274,000674,봉천로33길,195055,442750
1275,001083,연희로11가길,193640,451930
1276,000140,국회단지길,194786,443262
1277,001088,연희로39길,194074,454141
1278,001424,중랑천로10길,206740,454790
1279,001542,통일로34길,196007,453814
1280,000680,부일로1길,184059,443822
1281,001736,후암로4길,198247,449792
1282,001556,통일로78길,193339,457695
1283,001427,중앙1길,195612,442744
1284,001302,인촌로17가길,202121,454259
1285,001501,청구로1길,201400,450888
1286,001518,청파로45길,197312,449411
1287,000448,동일로109길,206797,454657
1288,000897,숭인동길,201938,453032
1289,001558,통일로85길,192791,458049
1290,001547,통일로61길,194014,456353
1291,001548,통일로63길,193875,456447
1292,001313,인헌길,197103,441404
1293,000076,고산자로2길,203312,450508
1294,001066,연무장길,205076,449113
1295,001273,이문로42길,205705,455699
1296,001278,이촌로88길,198045,446493
1297,001281,이태원로20길,199348,448145
1298,000567,명지대길,193274,453715
1299,000641,법원단지길,193069,441707
1300,000731,삼양로19길,201609,457435
1301,000998,신풍로19가길,192709,444604
1302,001291,인수봉로52가길,201198,459664
1303,001283,이태원로27길,199503,448554
1304,001285,이태원로42길,200041,448507
1305,001289,인수봉로19길,200997,458452
1306,000561,면목로91길,207496,454969
1307,001363,전농로29길,204788,453382
1308,001607,한강대로96길,197713,449725
1309,001220,위례성대로18길,210893,445798
1310,001225,율곡로17길,200452,453013
1311,000302,덕릉로63가길,203358,460392
1312,000309,도림로113길,190990,445468
1313,000662,복은길,194798,441651
1314,001176,용답중앙길,204639,451748
1315,001262,응암로22길,192968,454881
1316,001228,율곡로25길,200587,452811
1317,001232,은천로15길,194991,443099
1318,001234,은천로23길,195458,443171
1319,000446,동숭길,200306,453289
1320,000312,도림로31길,190826,443991
1321,000318,도림로63길,191425,444431
1322,000686,북촌로5가길,198469,453402
1323,001259,응암로14길,192895,454502
1324,000907,시흥대로141길,190947,441728
1325,000957,신림로11길,194602,440867
1326,000449,동일로114길,207202,454879
1327,000453,동일로157길,206729,456672
1328,000112,관악로24길,196214,442909
1329,000424,동교로9길,191982,450711
1330,000435,동소문로23길,201501,455044
1331,001348,장터5길,201866,449960
1332,000220,노해로11길,201898,459911
1333,000230,녹사평대로40길,199002,448383
1334,001059,여의대방로61길,193156,446183
1335,000960,신림로23길,194199,440937
1336,000114,관악로37길,196145,443154
1337,000129,구로동로35길,189565,443736
1338,000130,구로동로38길,189742,443920
1339,001350,장한로12길,206144,451713
1340,001646,한천로36길,206073,452921
1341,000592,미성3길,192631,441577
1342,001526,초록마을로8길,186447,449006
1343,001533,탑골로5가길,192235,439279
1344,001535,토정로17길,194351,449546
1345,001536,토정로31길,195006,449259
1346,001351,장한로18길,206315,451987
1347,001356,장한로32길,206453,453021
1348,001000,신흥로20길,198569,449796
1349,000004,가로공원로76길,185663,448348
1350,000593,미성길,192405,441468
1351,001215,월드컵북로48길,190728,453095
1352,001539,통일로14길,196256,452871
1353,001540,통일로25길,195455,453733
1354,001002,신흥안길,206639,439185
1355,000932,신길로16길,191954,444322
1356,001358,장한로6길,206122,451437
1357,000987,신촌로12길,194064,450610
1358,000988,신촌로1길,193757,451159
1359,000056,겸재로9길,206901,454235
1360,000411,돌곶이로27길,204734,456887
1361,001165,왕십리로31나길,202531,451519
1362,001218,월드컵북로6길,193009,451132
1363,001428,중앙1나길,195827,442668
1364,001430,중앙길,195630,442879
1365,000920,시흥대로50길,191441,439132
1366,000923,시흥대로68길,191337,439743
1367,000930,시흥대로96길,191129,440431
1368,001444,증가로30길,192382,453873
1369,001012,안암로6길,202374,453387
1370,001013,안암로9가길,202411,453588
1371,001028,양재대로85길,211651,447265
1372,001411,종암로19길,202703,455385
1373,001370,정릉로12길,200204,456259
1374,001488,천호대로16길,202899,452598
1375,001300,인수봉로78길,201172,460611
1376,001016,압구정로4길,201804,446883
1377,001037,양평로18길,190869,448714
1378,001041,양평로24길,190617,448933
1379,001035,양천로69길,188688,450543
1380,001253,을지로30길,199979,451749
1381,001364,전농로37길,204422,453546
1382,001375,정릉로34길,201569,455797
1383,001301,인수봉로79길,200679,460504
1384,001678,홍제내2나길,194442,453830
1385,001251,은평로9길,193066,455787
1386,001263,응암로29길,192681,455079
1387,001261,응암로20길,192983,454791
1388,001267,이문로12길,205256,454801
1389,001379,정릉로44길,202182,455677
1390,001068,연서로16길,192781,456622
1391,001681,홍제천로4길,193475,452698
1392,001683,홍지문길,196121,455761
1393,001266,응암로9길,192494,454227
1394,000024,갈현로33길,192385,457981
1395,000022,갈현로23길,192219,457560
1396,001345,장충단로8길,200712,451316
1397,001071,연서로20길,192881,457004
1398,000911,시흥대로151길,190888,441737
1399,001686,화곡로20길,185537,448873
1400,001381,정릉로8길,199783,456526
1401,001382,정릉로9가길,199990,456732
1402,000027,갈현로41길,192419,458428
1403,001045,어울마당로1길,192792,449677
1404,001047,언주로108길,203596,445420
1405,001048,언주로125길,203047,445970
1406,001193,원효로71길,196773,448717
1407,001194,원효로89길,197160,449035
1408,001384,제기로20길,203740,453951
1409,001420,중계로19길,206491,460897
1410,000037,강서로18길,186738,448367
1411,000272,대림로22길,191445,443933
1412,001050,여의대방로10길,192407,443818
1413,001053,여의대방로24가길,193053,444395
1414,001058,여의대방로59길,193229,446111
1415,001292,인수봉로55길,200690,459525
1416,001296,인수봉로6길,201288,458061
1417,001422,중대로9길,210591,444099
1418,001327,잔다리로7안길,192494,450380
1419,001460,지봉로8길,201471,452898
1420,001465,진흥로7길,192934,456040
1421,001467,창경궁로1길,199735,451497
1422,001054,여의대방로36길,193524,445268
1423,001270,이문로25길,205130,455093
1424,001721,효령로67길,201837,443186
1425,001544,통일로37길,195083,454119
1426,001149,와우산로30길,193715,450255
1427,001152,왕산로26길,203216,453121
1428,001153,왕산로30길,203541,453037
1429,001468,창경궁로27길,199702,453791
1430,001473,창신2길,200866,452602
1431,001344,장위로50길,205039,457224
1432,001490,천호대로17길,202837,452917
1433,000884,송월길,197096,452352
1434,001603,한강대로62길,197662,448192
1435,001314,일원로9길,207535,443496
1436,001157,왕산로45길,204286,453923
1437,001158,왕십리로14길,204048,449910
1438,001008,아차산로76길,209515,449598
1439,001022,양산로19길,190696,447303
1440,001024,양재대로103길,212008,448247
1441,001025,양재대로124길,212850,449233
1442,000887,수색로14길,190991,453643
1443,001316,자양로15길,207163,448333
1444,001324,자하문로5길,197385,453133
1445,001389,제기로5길,203140,454232
1446,001391,조원로13길,192071,442857
1447,001394,조원로22길,192347,442706
1448,001240,은천로6길,194759,442893
1449,001243,은평로11길,193260,455852
1450,000888,수색로18길,190627,453918
1451,000891,수색로8길,191729,452971
1452,001321,자하문로33길,197038,454123
1453,001116,오금로11길,209953,446230
1454,001396,조원로31길,192833,443083
1455,001401,종로41길,200560,452602
1456,001402,종로44길,201146,452322
1457,001247,은평로21길,193950,455904
1458,001249,은평로6길,192828,455451
1459,001123,오류로8길,186268,443739
1460,001117,오금로31길,210767,445320
1461,001119,오금로35길,211260,445092
1462,001404,종로51가길,201101,452639
1463,001689,화곡로42길,186438,449677
1464,000406,돌곶이로14길,205485,456573
1465,000100,공릉로42길,207261,458386
1466,001744,희우정로16길,191483,450629
1467,000009,가마산로89길,193066,445052
1468,001125,오목로54길,188918,447069
1469,001129,오패산로31길,202877,457121
1470,001120,오금로36길,210861,444531
1471,000415,돌곶이로41길,204076,457585
1472,000419,동광로3길,198659,443762
1473,000011,가산로5길,190491,441555
1474,000018,가좌로7길,192845,454072
1475,001132,오패산로67길,202273,459549
1476,001133,오현로21길,203126,458243
1477,001121,오금로46길,211828,443903
1478,000089,고척로52길,187267,444731
1479,000098,공릉로2나길,207026,457096
1480,000021,갈현로1길,191905,455562
1481,001609,한글비석로20길,206571,462344
1482,000042,강서로47길,185121,450409
1483,001724,효창원로39길,196283,448726
1484,001728,효창원로8길,195731,448238
1485,001332,장문로45길,200059,447713
1486,001337,장월로1마길,203811,456242
1487,001447,증산로17길,192064,454611
1488,000051,개포로82길,205990,443270
1489,000057,경기대로9길,196627,451668
1490,000081,고산자로6길,203099,450932
1491,001730,효창원로95길,196658,449913
1492,001731,효창원로98길,197064,449936
1493,001602,한강대로62가길,197733,448376
1494,001338,장월로24길,204411,457328
1495,001340,장월로3길,204126,456552
1496,001341,장위로37길,204441,457176
1497,001443,증가로29길,192187,453638
1498,001448,증산로19길,192318,455009
1499,001451,증산로3길,191606,453499
1500,000084,고척로27길,186424,445032
1501,001606,한강대로88길,197596,449479
1502,000913,시흥대로153길,190725,442034
1503,000917,시흥대로30길,191570,438186
1504,001476,창신5길,201107,452769
1505,001126,오패산로13길,203133,456360
1506,001137,오현로9길,202928,457841
1507,001150,와우산로3길,193024,449617
1508,001357,장한로5길,205713,451720
1509,000408,돌곶이로22나길,205341,456740
1510,000247,답십리로30길,204254,452734
1511,001740,휘경로14길,205614,454890
1512,000878,솔샘로64길,202470,457399
1513,000588,무학봉길,202583,451282
1514,001040,양평로22길,190689,448854
1515,001162,왕십리로26길,202922,451678
1516,000495,둘레15길,204887,448500
1517,000193,남부순환로19길,184449,449723
1518,000214,남현4길,197796,441730
1519,000832,성미산로1길,191788,451212
1520,001743,휘경로3길,205556,455305
1521,000010,가산로3길,190394,441380
1522,000748,삼양로77길,201343,458832
1523,000196,남부순환로230길,196079,441962
1524,000201,남부순환로317길,200928,442513
1525,000844,성암로3길,192113,452106
1526,001516,청림길,196374,443127
1527,000937,신길로34길,192217,445070
1528,000867,솔매로44길,202134,458315
1529,000869,솔매로50길,202488,458363
1530,000295,덕릉로28길,202155,459269
1531,000782,서빙고로91나길,199738,447115
1532,000206,남부순환로356길,203420,442535
1533,001508,청룡4길,195105,442427
1534,000938,신길로38길,192264,445170
1535,000874,솔샘로25길,200551,457980
1536,000327,도봉로13길,202446,457293
1537,000939,신길로39길,191921,445301
1538,000906,시흥대로138길,191079,441436
1539,000910,시흥대로150길,191248,441852
1540,000591,문화촌길,195596,454691
1541,000645,보국문로11길,200813,456524
1542,000655,보문로29다길,201142,453952
1543,001500,청구로17길,200991,451074
1544,000740,삼양로41길,201530,458014
1545,000943,신길로42길,192292,445327
1546,000956,신림동길,193467,443018
1547,000683,북아현로14길,196226,451543
1548,000812,석계로18길,205346,458216
1549,000813,석계로7길,205591,457399
1550,000747,삼양로77가길,201281,458754
1551,000858,소월로20길,198628,449474
1552,001636,한천로150길,202358,460368
1553,001365,전농로3길,204992,452336
1554,001032,양천로47길,185689,452657
1555,001036,양평로17길,190736,448504
1556,000881,솔샘로67길,202442,457857
1557,001055,여의대방로39길,192892,444858
1558,001662,행운1길,196195,442434
1559,001715,회나무로13길,199221,449053
1560,000252,답십리로66길,205914,452236
1561,000333,도봉로169나길,203829,464140
1562,001272,이문로38길,205632,455605
1563,001282,이태원로26길,199412,448111
1564,001160,왕십리로21길,202767,451153
1565,001298,인수봉로72길,201171,460416
1566,001580,평창길,197321,457224
1567,000699,사근동길,204036,450960
1568,000386,독산로35길,191474,439898
1569,001613,한글비석로47길,205888,462439
1570,001128,오패산로30길,203078,457227
1571,001236,은천로25길,195472,443167
1572,001545,통일로39가길,194900,454436
1573,001552,통일로69길,193474,456834
1574,000512,디지털로77길,191699,444040
1575,000565,명륜길,199519,454384
1576,000533,마포대로4길,195200,448560
1577,001191,원효로41길,196250,448408
1578,001192,원효로53길,196659,448592
1579,001021,양녕로2길,195380,442728
1580,000965,신림로3가길,194966,441064
1581,000969,신림로64길,194077,442887
1582,000464,동일로195길,206273,458572
1583,000477,동일로242길,205161,463912
1584,000854,세무서길,195278,454530
1585,001195,월계로21가길,203318,457283
1586,000283,대학길,194517,440902
1587,000973,신목로2길,189045,446779
1588,001668,호암로22길,194248,441037
1589,001288,인수봉로12길,201413,458152
1590,001647,한천로46길,206389,453461
1591,000542,망우로20가길,205714,454361
1592,000143,국회대로54길,192019,446996
1593,000154,길음로7길,202013,456037
1594,000161,난계로29길,201852,452678
1595,000979,신원로3길,193241,442538
1596,001737,후암로57길,197692,450325
1597,001330,장군봉1길,194864,442478
1598,001437,증가로10길,193372,453302
1599,001144,올림픽로62길,210932,448536
1600,000549,매봉길,201204,449780
1601,000166,난곡로26길,193235,441108
1602,000170,난곡로63가길,192407,442255
1603,000115,관천로11길,192967,442722
1604,000116,광나루로11길,205886,450054
1605,001030,양천로14길,183169,452353
1606,001147,와우산로29길,193693,450624
1607,000929,시흥대로94길,191125,440421
1608,000174,난곡로78길,192788,443089
1609,000205,남부순환로350길,203236,442657
1610,000179,난향길,192612,440389
1611,000198,남부순환로248길,196980,441649
1612,001130,오패산로3길,202941,456444
1613,001626,한천로109길,203717,458618
1614,001326,자하문로9길,197351,453365
1615,000221,노해로17길,201763,460108
1616,000229,녹사평대로26길,199354,448029
1617,001200,월계로7나길,202885,457053
1618,000165,난곡로24길,193047,441002
1619,001286,이태원로54길,199777,450461
1620,001334,장문로6길,199503,447513
1621,001347,장터3길,201723,450140
1622,000253,답십리로68길,205997,452206
1623,001680,홍제천로2길,193098,452366
1624,001505,청두곶길,198723,442334
1625,001371,정릉로26길,201039,456026
1626,001456,지봉로20길,201671,453710
1627,001458,지봉로5길,201243,452864
1628,000617,백범로77길,196953,448955
1629,001072,연서로21길,192560,457297
1630,001074,연서로28길,193051,457417
1631,001378,정릉로38마길,201515,455733
1632,001091,연희로8길,194004,451738
1633,001372,정릉로27길,201169,456402
1634,001633,한천로143길,202110,460136
1635,000639,범안로17길,190601,441032
1636,000640,법원단지5길,192955,441829
1637,000859,소월로2길,197814,450652
1638,001076,연서로3길,192319,455878
1639,001226,율곡로19길,200555,453010
1640,001233,은천로19길,195353,443212
1641,001368,정동길,197432,451853
1642,000880,솔샘로65길,202162,458003
1643,000367,도화4길,195697,448902
1644,001084,연희로15길,193726,452234
1645,000113,관악로28길,196283,442821
1646,001376,정릉로36길,201423,455860
1647,001388,제기로38길,204320,453905
1648,000646,보국문로16길,200887,456937
1649,000853,세무서7길,195225,454643
1650,000395,독산로70길,191587,440897
1651,000381,독산로22길,191969,439278
1652,000389,독산로39길,191519,439815
1653,000127,구로동로28길,190083,443571
1654,001398,조원중앙로2길,191901,442470
1655,001075,연서로34길,193751,457972
1656,000348,도봉로53길,202079,458697
1657,001471,창덕궁1길,198881,453475
1658,001481,천장산로7길,204945,455423
1659,001692,화랑로19길,204394,456559
1660,001543,통일로36길,195357,454256
1661,000061,경인로35길,187008,444550
1662,000666,봉우재로33길,207824,455017
1663,001717,회나무로44길,199410,448637
1664,001723,효령로74길,202369,443034
1665,001741,휘경로23길,205831,455102
1666,000063,경인로47길,188054,444761
1667,001090,연희로41길,194236,454816
1668,001726,효창원로69길,196500,449196
1669,000160,낙성대역3길,196714,441805
1670,000222,노해로33길,201907,460850
1671,000282,대학5길,194663,441072
1672,001360,전농로17길,204910,453266
1673,000216,남현길,197851,441613
1674,001408,종로63길,201619,452827
1675,000570,목동남로4길,188339,445541
1676,000745,삼양로73길,201504,458910
1677,001154,왕산로32길,203576,452973
1678,001001,신흥로36길,198429,449655
1679,001369,정릉로10길,199812,456234
1680,001469,창경궁로35길,200219,454243
1681,001393,조원로18길,192280,442656
1682,001417,주흥길,201752,445261
1683,001674,홍릉로5길,203728,453631
1684,001679,홍제내길,194391,454085
1685,001729,효창원로93길,196622,449772
1686,000447,동일로101길,206829,454342
1687,000522,마장로35길,203761,452211
1688,001425,중랑천로12길,206663,454820
1689,001622,한림말길,201177,449045
1690,001634,한천로144길,202451,460396
1691,001675,홍연길,193810,452956
1692,000580,무수막길,201999,450181
1693,000607,방배로42길,199144,443872
1694,001306,인촌로27길,202578,454473
1695,001359,전농로16길,205245,453205
1696,001637,한천로155길,201612,460444
1697,001641,한천로17길,205617,452268
1698,001688,화곡로31길,185936,449440
1699,000948,신길로60마길,192311,445989
1700,001257,응암로12길,192787,454211
1701,001242,은평로10길,193295,455531
1702,001245,은평로13길,193373,455906
1703,001060,역말로9길,193164,457095
1704,000335,도봉로18길,202698,457795
1705,001643,한천로24길,205893,452251
1706,000675,봉천로6길,193416,443230
1707,000690,불광로2길,194258,456854
1708,000270,당산로48길,191450,448341
1709,000273,대림로29길,190856,443915
1710,000275,대림로34길,191186,444484
1711,001579,평창11길,197006,456659
1712,000450,동일로123길,206800,455445
1713,001101,영등포로64길,192549,445980
1714,000342,도봉로29길,202240,457851
1715,000587,무학봉15길,202703,451455
1716,000765,상원10길,204345,450019
1717,000482,동일로96길,207215,453886
1718,000488,동호로25길,200081,450967
1719,000456,동일로173가길,206428,458002
1720,000989,신촌로24길,194797,450663
1721,000990,신촌로28가길,195678,450778
1722,001631,한천로132길,202746,460002
1723,001020,양녕로1길,195140,442670
1724,000789,서오릉로8길,193236,456615
1725,000792,서울시립대로27길,204631,453797
1726,000498,등촌로55길,187822,450091
1727,000502,디지털로32길,190975,442699
1728,000258,당곡길,193662,443505
1729,000994,신촌로3길,193769,451042
1730,000243,다산로42나길,201578,451493
1731,001005,아리랑로5길,201062,455355
1732,001492,천호대로45가길,203748,452935
1733,000796,서초대로19길,199104,443306
1734,000883,솔샘로6길,200597,456655
1735,001598,한강대로38길,197770,447656
1736,001446,증산로15길,191954,454492
1737,001685,화곡로15길,185310,449215
1738,000894,수유로4길,201903,459247
1739,000909,시흥대로149길,190819,441825
1740,001455,지봉로17길,201233,453332
1741,001627,한천로11길,205519,452166
1742,001069,연서로17길,192454,457109
1743,000656,보문로30가길,201833,454429
1744,001250,은평로8길,192922,455426
